ClientIP,EventSequence
45.14.151.246,"['401143f2', '401143f2', '401143f2', '401143f2']"
61.158.146.88,['3a806b90']
117.140.213.177,['3a806b90']
1.86.44.91,['3a806b90']
223.104.37.165,['3a806b90']
223.104.146.205,['54691287']
223.104.240.247,['3a806b90']
183.253.122.16,['3a806b90']
36.98.17.218,['3a806b90']
106.9.67.79,['3a806b90']
117.136.88.62,['3a806b90']
60.213.41.202,['3a806b90']
117.136.67.152,['3a806b90']
223.104.176.216,['3a806b90']
116.53.227.205,['54691287']
218.93.212.18,['3a806b90']
219.138.208.54,['3a806b90']
113.247.130.49,['3a806b90']
101.84.48.229,['3a806b90']
223.104.103.85,['3a806b90']
106.57.127.39,['3a806b90']
183.95.48.63,['54691287']
106.61.148.82,['3a806b90']
112.224.69.222,['3a806b90']
223.104.15.121,['3a806b90']
223.104.112.141,['3a806b90']
61.158.152.26,['54691287']
223.104.63.53,['15a8c18a']
111.20.155.34,['15a8c18a']
112.224.74.177,['15a8c18a']
112.96.37.21,['15a8c18a']
39.186.3.42,['15a8c18a']
117.136.50.132,['3a806b90']
171.107.8.10,['54691287']
223.166.222.118,"['15a8c18a', '15a8c18a', '15a8c18a', '15a8c18a']"
117.136.73.4,['15a8c18a']
118.181.166.57,['15a8c18a']
112.97.164.217,['15a8c18a']
117.136.45.164,"['42ab881f', '54691287']"
223.104.215.192,['15a8c18a']
139.207.75.119,['15a8c18a']
103.222.186.150,['15a8c18a']
223.166.222.112,"['15a8c18a', '15a8c18a', '15a8c18a', '15a8c18a', '15a8c18a', '15a8c18a', '15a8c18a', '15a8c18a', '15a8c18a']"
61.151.206.16,"['15a8c18a', '15a8c18a']"
223.104.14.99,"['3a806b90', '3a806b90']"
61.151.206.25,"['15a8c18a', '15a8c18a']"
124.160.91.90,['3a806b90']
116.178.222.55,['15a8c18a']
119.84.153.153,['15a8c18a']
117.136.27.62,['15a8c18a']
223.104.13.169,['3a806b90']
117.136.47.188,['3a806b90']
115.183.5.171,['3a806b90']
218.206.196.36,['3a806b90']
114.87.193.50,['54691287']
111.77.220.172,['3a806b90']
117.136.72.125,['3a806b90']
58.243.250.20,['3a806b90']
36.18.181.140,['3a806b90']
114.87.87.131,['54691287']
223.104.190.226,"['3a806b90', '54691287']"
223.104.30.0,['3a806b90']
117.173.227.243,['3a806b90']
103.85.144.94,['3a806b90']
113.201.238.34,['54691287']
218.108.36.18,['54691287']
222.240.229.68,"['3a806b90', '15a8c18a']"
223.104.9.198,['15a8c18a']
218.205.55.189,"['15a8c18a', '15a8c18a']"
111.30.142.252,['15a8c18a']
180.118.9.244,['15a8c18a']
117.136.0.142,"['15a8c18a', '42ab881f']"
36.112.110.194,['15a8c18a']
112.24.191.189,['15a8c18a']
117.136.89.238,"['15a8c18a', '15a8c18a']"
113.57.244.168,['42ab881f']
223.101.22.234,['54691287']
106.3.46.17,['42ab881f']
223.104.3.22,['15a8c18a']
222.247.18.230,['15a8c18a']
106.17.214.33,['15a8c18a']
182.141.29.200,['3a806b90']
116.178.232.115,['15a8c18a']
121.237.241.0,['15a8c18a']
223.104.186.223,['15a8c18a']
223.166.222.100,"['15a8c18a', '15a8c18a', '15a8c18a', '15a8c18a']"
117.136.107.91,['15a8c18a']
114.233.222.87,"['3a806b90', '54691287']"
114.250.224.186,['54691287']
220.112.110.66,"['42ab881f', '42ab881f']"
112.224.2.32,"['3a806b90', '15a8c18a']"
117.136.87.19,['15a8c18a']
139.227.252.241,['15a8c18a']
101.88.101.142,['15a8c18a']
117.136.0.132,['15a8c18a']
49.94.172.255,['15a8c18a']
175.167.130.161,['15a8c18a']
58.144.156.94,['15a8c18a']
223.104.160.26,['15a8c18a']
125.39.132.92,['42ab881f']
61.129.6.113,"['15a8c18a', '42ab881f']"
1.68.108.154,['15a8c18a']
117.136.123.67,['15a8c18a']
58.250.137.191,"['15a8c18a', '42ab881f', '42ab881f', '42ab881f']"
59.55.225.224,['15a8c18a']
223.78.217.167,['15a8c18a']
221.192.179.39,['15a8c18a']
183.209.132.41,['15a8c18a']
221.13.63.162,"['15a8c18a', '15a8c18a']"
106.121.65.200,['15a8c18a']
117.136.84.151,['15a8c18a']
223.104.131.18,"['15a8c18a', '3a806b90']"
106.61.0.13,['15a8c18a']
117.136.79.39,['54691287']
117.136.38.181,['15a8c18a']
117.136.79.97,['15a8c18a']
218.56.134.210,['15a8c18a']
111.41.179.214,['15a8c18a']
121.227.195.42,"['15a8c18a', '3a806b90']"
14.116.133.168,['15a8c18a']
58.243.254.153,['54691287']
112.32.131.88,"['3a806b90', '3a806b90']"
117.136.105.139,['15a8c18a']
112.10.185.196,['15a8c18a']
117.136.30.115,['15a8c18a']
117.136.53.101,['15a8c18a']
49.92.182.148,['3a806b90']
223.104.56.153,['15a8c18a']
223.104.233.168,['3a806b90']
171.209.121.199,['3a806b90']
125.127.63.170,['3a806b90']
117.136.63.133,['54691287']
223.104.193.23,['3a806b90']
223.104.170.153,['15a8c18a']
210.12.84.51,['15a8c18a']
117.136.24.196,['15a8c18a']
114.87.80.155,['15a8c18a']
125.84.83.137,"['15a8c18a', '15a8c18a', '42ab881f', '42ab881f']"
223.104.35.183,"['15a8c18a', '15a8c18a', '42ab881f', '42ab881f']"
117.136.0.195,['15a8c18a']
223.104.197.235,['15a8c18a']
223.104.170.29,['42ab881f']
171.209.129.167,['15a8c18a']
221.192.178.209,['15a8c18a']
221.222.254.140,['15a8c18a']
218.68.91.108,['15a8c18a']
14.23.112.154,['54691287']
223.104.159.188,['15a8c18a']
14.23.98.202,['15a8c18a']
223.91.199.84,"['42ab881f', '42ab881f']"
39.144.25.68,"['15a8c18a', '42ab881f', '42ab881f']"
119.131.169.207,"['15a8c18a', '42ab881f', '42ab881f']"
117.136.63.116,"['15a8c18a', '42ab881f', '42ab881f', '42ab881f']"
113.96.218.51,['15a8c18a']
111.199.158.114,"['15a8c18a', '42ab881f', '42ab881f']"
113.57.183.228,"['15a8c18a', '42ab881f']"
111.32.96.53,"['15a8c18a', '42ab881f', '42ab881f']"
112.17.238.155,"['15a8c18a', '42ab881f', '42ab881f']"
112.0.173.34,['42ab881f']
110.167.102.102,['15a8c18a']
36.17.89.226,"['15a8c18a', '42ab881f', '42ab881f']"
123.151.77.72,"['15a8c18a', '42ab881f']"
223.104.131.85,"['15a8c18a', '42ab881f', '42ab881f']"
223.104.212.180,"['42ab881f', '42ab881f', '42ab881f']"
115.220.249.55,"['15a8c18a', '42ab881f', '42ab881f']"
61.129.6.112,"['42ab881f', '42ab881f']"
223.104.191.28,"['15a8c18a', '42ab881f', '42ab881f']"
116.162.3.71,"['15a8c18a', '42ab881f', '42ab881f']"
61.129.6.148,"['42ab881f', '42ab881f']"
125.37.162.22,"['15a8c18a', '42ab881f', '42ab881f']"
117.136.0.243,"['42ab881f', '42ab881f', '42ab881f']"
223.104.48.162,"['15a8c18a', '42ab881f', '42ab881f']"
223.104.240.68,"['15a8c18a', '42ab881f', '42ab881f']"
111.201.231.153,"['15a8c18a', '42ab881f', '42ab881f']"
117.136.81.228,"['15a8c18a', '42ab881f', '42ab881f']"
58.247.212.98,['42ab881f']
106.122.98.154,"['15a8c18a', '42ab881f']"
180.165.215.204,"['15a8c18a', '42ab881f', '42ab881f', '42ab881f']"
58.252.129.174,['15a8c18a']
122.96.40.95,"['15a8c18a', '42ab881f']"
125.39.45.236,['42ab881f']
117.136.94.45,['15a8c18a']
61.151.207.252,"['42ab881f', '42ab881f']"
120.204.17.46,['42ab881f']
101.106.239.223,"['15a8c18a', '42ab881f', '42ab881f']"
117.171.191.63,['15a8c18a']
220.194.106.92,['42ab881f']
223.97.172.69,['54691287']
80.82.70.187,"['401143f2', '401143f2', '401143f2', '401143f2']"
69.171.192.58,"['401143f2', '401143f2', '401143f2', '401143f2', '401143f2', '401143f2']"
47.101.55.136,"['401143f2', '401143f2', '401143f2', '401143f2', '401143f2', '401143f2', '069e09e8', '401143f2', '401143f2', '401143f2', '401143f2', '401143f2', 'c662dcaa', '401143f2', 'c2ae0464', '401143f2', '28f3f3d5', '401143f2']"
182.114.193.84,"['2cbf0f4a', '401143f2']"
162.243.130.118,"['401143f2', '401143f2']"
139.162.88.63,"['401143f2', '401143f2']"
5.188.210.101,"['4021c1c1', '4021c1c1']"
180.167.210.6,"['401143f2', '401143f2', '2cbf0f4a', '401143f2', '401143f2', '401143f2', '401143f2', '401143f2', '2cbf0f4a', '401143f2', '4021c1c1', '4021c1c1']"
106.14.61.135,"['401143f2', '401143f2', '401143f2', '401143f2', '401143f2', '401143f2', '069e09e8', '401143f2', '401143f2', '401143f2', '401143f2', '401143f2', 'c662dcaa', '401143f2', 'c2ae0464', '401143f2', '28f3f3d5', '401143f2']"
139.224.74.233,"['401143f2', '401143f2', '401143f2', '401143f2', '401143f2', '401143f2', '069e09e8', '401143f2', '401143f2', '401143f2', '401143f2', '401143f2', 'c662dcaa', '401143f2', 'c2ae0464', '401143f2', '28f3f3d5', '401143f2']"
79.107.71.240,"['f76da19e', 'f76da19e']"
